{"x":[19.470233463683996,133.389766536316,73.47236342945641,306.68763657054353,408.30535042575775,509.9946495742423,466.10745482215816,624.4125451778418],"y":[0,0,0,0,0,0,0,0]}