{"x":[61.74,103.07,158,232.65,451.38,471.1,522.2,570.65],"y":[2.910194,2.835871,2.748387,2.634323,2.538065,2.496,2.185806,1.268903]}